Director,Film_Country,Film_Date,Film_Name,Film_Rate,Stars
Frank Darabont,USA,14 October 1994,The Shawshank Redemption,9.3,"Tim Robbins,Morgan Freeman,Bob Gunton"
Christopher Nolan,USA,18 July 2008,The Dark Knight,9.0,"Christian Bale,Heath Ledger,Aaron Eckhart"
Francis Ford Coppola,USA,24 March 1972,The Godfather,9.2,"Marlon Brando,Al Pacino,James Caan"
Peter Jackson,USA,17 December 2003,The Lord of the Rings: The Return of the King,8.9,"Elijah Wood,Viggo Mortensen,Ian McKellen"
Michel Gondry,USA,19 March 2004,Eternal Sunshine of the Spotless Mind,8.3,"Jim Carrey,Kate Winslet,Tom Wilkinson"
Darren Aronofsky,USA,15 December 2000,Requiem for a Dream,8.3,"Ellen Burstyn,Jared Leto,Jennifer Connelly"
Quentin Tarantino,Netherlands,5 August 1993,Reservoir Dogs,8.3,"Harvey Keitel,Tim Roth,Michael Madsen"
Chan-wook Park,Netherlands,11 November 2004,Oldboy,8.4,"Min-sik Choi,Ji-Tae Yoo,Hye-jeong Kang"
Richard Marquand,USA,25 May 1983,Star Wars: Episode VI - Return of the Jedi,8.3,"Mark Hamill,Harrison Ford,Carrie Fisher"
Hayao Miyazaki,USA,19 December 1997,Princess Mononoke,8.4,"Yôji Matsuda,Yuriko Ishida,Yûko Tanaka"
Damien Chazelle,Netherlands,13 November 2014,Whiplash,8.5,"Miles Teller,J.K. Simmons,Melissa Benoist"
Fritz Lang,Netherlands,16 October 1931,M,8.3,"Peter Lorre,Ellen Widmann,Inge Landgut"
Shûsuke Kaneko,Japan,17 June 2006,Death Note,7.7,"Tatsuya Fujiwara,Ken'ichi Matsuyama,Asaka Seto"
Roger Allers,USA,24 June 1994,The Lion King,8.5,"Matthew Broderick,Jeremy Irons,James Earl Jones"
Martin McDonagh,USA,29 February 2008,In Bruges,7.9,"Colin Farrell,Brendan Gleeson,Ciarán Hinds"
Billy Wilder,Australia,29 September 1950,Sunset Blvd.,8.4,"William Holden,Gloria Swanson,Erich von Stroheim"
George Roy Hill,USA,24 September 1969,Butch Cassidy and the Sundance Kid,8.0,"Paul Newman,Robert Redford,Katharine Ross"
Hayao Miyazaki,Japan,2 August 1986,Castle in the Sky,8.0,"Mayumi Tanaka,Keiko Yokozawa,Kotoe Hatsui"
Jean-Pierre Melville,France,25 October 1967,Le Samouraï,8.1,"Alain Delon,François Périer,Nathalie Delon"
Hayao Miyazaki,USA,25 November 1987,Nausicaä of the Valley of the Wind,8.1,"Sumi Shimamoto,Mahito Tsujimura,Hisako Kyôda"
José Padilha,Netherlands,22 May 2008,Elite Squad,8.1,"Wagner Moura,André Ramiro,Caio Junqueira"
Henry Koster,USA,21 December 1950,Harvey,7.9,"James Stewart,Wallace Ford,William H. Lynn"
Richard Kelly,Netherlands,20 June 2002,Donnie Darko,8.0,"Jake Gyllenhaal,Jena Malone,Mary McDonnell"
Terry George,USA,4 February 2005,Hotel Rwanda,8.1,"Don Cheadle,Sophie Okonedo,Joaquin Phoenix"
Alfred Hitchcock,USA,29 May 1954,Dial M for Murder,8.2,"Ray Milland,Grace Kelly,Robert Cummings"
Hayao Miyazaki,USA,17 June 2005,Howl's Moving Castle,8.2,"Chieko Baishô,Takuya Kimura,Tatsuya Gashûin"
François Truffaut,USA,16 November 1959,The 400 Blows,8.1,"Jean-Pierre Léaud,Albert Rémy,Claire Maurier"
William Wyler,Netherlands,6 October 1960,Ben-Hur,8.1,"Charlton Heston,Jack Hawkins,Stephen Boyd"
John Huston,USA,18 October 1941,The Maltese Falcon,8.0,"Humphrey Bogart,Mary Astor,Gladys George"
Neill Blomkamp,USA,14 August 2009,District 9,7.9,"Sharlto Copley,David James,Jason Cope"
Rob Reiner,USA,2 March 1984,This Is Spinal Tap,7.9,"Rob Reiner,Michael McKean,Christopher Guest"
Sergei M. Eisenstein,Soviet Union,24 December 1925,Battleship Potemkin,8.0,"Aleksandr Antonov,Vladimir Barskiy,Grigoriy Aleksandrov"
Vincent Paronnaud,USA,22 February 2008,Persepolis,8.0,"Chiara Mastroianni,Catherine Deneuve,Gena Rowlands"
Henry Selick,USA,29 October 1993,The Nightmare Before Christmas,8.0,"Danny Elfman,Chris Sarandon,Catherine O'Hara"
Doug Liman,USA,6 June 2014,Edge of Tomorrow,7.9,"Tom Cruise,Emily Blunt,Bill Paxton"
Alper Caglar,Netherlands,1 December 2016,The Mountain II,8.9,"Caglar Ertugrul,Ufuk Bayraktar,Ahu Türkpençe"
Peter Jackson,USA,17 December 2014,The Hobbit: The Battle of the Five Armies,7.4,"Ian McKellen,Martin Freeman,Richard Armitage"
Furkan Kopuz,Turkey,18 November 2018,Evrensel Döngü: Yasam Agacina Yolculuk,7.5,"Furkan Kopuz,Adem Yildirim,Busenur Sahin"
Ertem Egilmez,Turkey,April 1975,The Chaos Class,9.3,"Kemal Sunal,Münir Özkul,Halit Akçatepe"
Erdal Besikçioglu,2010–2019,TV Series,Behzat Ç.: Bir Ankara Polisiyesi,8.7,"Erdal Besikçioglu,Inanç Konukçu,Ege Aydan"
Murat Cemcir,2012–2013,TV Series,Isler Güçler,8.6,"Murat Cemcir,Ahmet Kural,Sadi Celil Cengiz"
Ahmet Kural,2014–2015,TV Series,Kardes Payi,8.6,"Ahmet Kural,Murat Cemcir,Seda Bakan"
Çagatay Ulusoy,2016–2017,TV Series,Içerde,8.0,"Çagatay Ulusoy,Aras Bulut Iynemli,Çetin Tekindor"
Kenan Imirzalioglu,2009–2011,TV Series,Ezel,8.6,"Kenan Imirzalioglu,Cansu Dere,Yigit Özsener"
Ali Atay,2011–2014,TV Series,Leyla and Mecnun,9.1,"Ali Atay,Ahmet Mümtaz Taylan,Serkan Keskin"
Mehmet Bozdag,2014–2019,TV Series,Dirilis: Ertugrul,7.6,"Engin Altan Düzyatan,Hülya Darcan,Cengiz Coskun"
Erdal Besikçioglu,2016,TV Series,46 Yok Olan,8.5,"Erdal Besikçioglu,Yasemin Kay Allen,Melis Birkan"
Furkan Kopuz,Turkey,26 December 2015,Bilincsizler,7.4,"Nuray Guneci,Furkan Kopuz,Metin Cemal Aydin"
Furkan Kopuz,Turkey,19 May 2013,Sekiz Cinayeti,6.0,"Furkan Kopuz,Ömer Faruk Kopuz,Ercan Kopuz"
Christopher Nolan,USA,24 May 2002,Insomnia,7.2,"Al Pacino,Robin Williams,Hilary Swank"
Faruk Aksoy,USA,25 April 2012,Conquest 1453,6.7,"Devrim Evin,Ibrahim Celikkol,Dilek Serbest"
Peter Jackson,USA,13 December 2013,The Hobbit: The Desolation of Smaug,7.8,"Ian McKellen,Martin Freeman,Richard Armitage"
Alejandro Amenábar,USA,10 August 2001,The Others,7.6,"Nicole Kidman,Christopher Eccleston,Fionnula Flanagan"
Christopher Nolan,Netherlands,6 May 1999,Following,7.5,"Jeremy Theobald,Alex Haw,Lucy Russell"
James Cameron,USA,19 December 1997,Titanic,7.8,"Leonardo DiCaprio,Kate Winslet,Billy Zane"
Edward Zwick,USA,5 December 2003,The Last Samurai,7.7,"Tom Cruise,Ken Watanabe,Billy Connolly"
George Lucas,USA,19 May 2005,Star Wars: Episode III - Revenge of the Sith,7.5,"Hayden Christensen,Natalie Portman,Ewan McGregor"
Alejandro G. Iñárritu,USA,14 November 2014,Birdman or (The Unexpected Virtue of Ignorance),7.7,"Michael Keaton,Zach Galifianakis,Edward Norton"
Zack Snyder,USA,9 March 2007,300,7.6,"Gerard Butler,Lena Headey,David Wenham"
Nicolas Winding Refn,USA,16 September 2011,Drive,7.8,"Ryan Gosling,Carey Mulligan,Bryan Cranston"
Tim Burton,USA,7 October 1994,Ed Wood,7.8,"Johnny Depp,Martin Landau,Sarah Jessica Parker"
Ömer Faruk Sorak,Netherlands,18 November 2004,G.O.R.A.,8.0,"Cem Yilmaz,Özge Özberk,Ozan Güven"
Fatih Akin,Netherlands,2 September 2004,Head-On,7.9,"Birol Ünel,Sibel Kekilli,Güven Kiraç"
Stephen Chbosky,USA,12 October 2012,The Perks of Being a Wallflower,8.0,"Logan Lerman,Emma Watson,Ezra Miller"
Richard Schenkman,USA,10 June 2007,The Man from Earth,7.9,"David Lee Smith,Tony Todd,John Billingsley"
Leo McCarey,USA,17 November 1933,Duck Soup,7.8,"Groucho Marx,Harpo Marx,Chico Marx"
Tod Browning,USA,20 February 1932,Freaks,7.9,"Wallace Ford,Leila Hyams,Olga Baclanova"
Brad Bird,USA,6 August 1999,The Iron Giant,8.0,"Eli Marienthal,Harry Connick Jr.,Jennifer Aniston"
Peter Weir,USA,9 June 1989,Dead Poets Society,8.1,"Robin Williams,Robert Sean Leonard,Ethan Hawke"
Brad Bird,USA,5 November 2004,The Incredibles,8.0,"Craig T. Nelson,Samuel L. Jackson,Holly Hunter"
Terry Gilliam,USA,18 December 1985,Brazil,7.9,"Jonathan Pryce,Kim Greist,Robert De Niro"
George A. Romero,USA,4 October 1968,Night of the Living Dead,7.9,"Duane Jones,Judith O'Dea,Karl Hardman"
Quentin Tarantino,USA,16 April 2004,Kill Bill: Vol. 2,8.0,"Uma Thurman,David Carradine,Michael Madsen"
James Whale,USA,21 November 1931,Frankenstein,7.8,"Colin Clive,Mae Clarke,Boris Karloff"
F.W. Murnau,USA,3 June 1929,Nosferatu,7.9,"Max Schreck,Alexander Granach,Gustav von Wangenheim"
Kevin Costner,USA,21 November 1990,Dances with Wolves,8.0,"Kevin Costner,Mary McDonnell,Graham Greene"
Jean-Marc Vallée,USA,22 November 2013,Dallas Buyers Club,8.0,"Matthew McConaughey,Jennifer Garner,Jared Leto"
Franklin J. Schaffner,USA,3 April 1968,Planet of the Apes,8.0,"Charlton Heston,Roddy McDowall,Kim Hunter"
Martin Campbell,USA,17 November 2006,Casino Royale,8.0,"Daniel Craig,Eva Green,Judi Dench"
David Lynch,USA,19 October 2001,Mulholland Drive,8.0,"Naomi Watts,Laura Harring,Justin Theroux"
J.J. Abrams,USA,8 May 2009,Star Trek,7.9,"Chris Pine,Zachary Quinto,Simon Pegg"
George A. Romero,USA,24 May 1979,Dawn of the Dead,7.9,"David Emge,Ken Foree,Scott H. Reiniger"
Spike Jonze,USA,10 January 2014,Her,8.0,"Joaquin Phoenix,Amy Adams,Scarlett Johansson"
Danny Boyle,USA,25 December 2008,Slumdog Millionaire,8.0,"Dev Patel,Freida Pinto,Saurabh Shukla"
Gary Trousdale,USA,22 November 1991,Beauty and the Beast,8.0,"Paige O'Hara,Robby Benson,Jesse Corti"
Ron Clements,USA,20 November 1992,Aladdin,8.0,"Scott Weinger,Robin Williams,Linda Larkin"
Brad Bird,USA,29 June 2007,Ratatouille,8.0,"Brad Garrett,Lou Romano,Patton Oswalt"
Alfred Hitchcock,USA,25 September 1948,Rope,8.0,"James Stewart,John Dall,Farley Granger"
Ang Lee,USA,21 November 2012,Life of Pi,7.9,"Suraj Sharma,Irrfan Khan,Adil Hussain"
Terry Jones,USA,17 August 1979,Monty Python's Life of Brian,8.1,"Graham Chapman,John Cleese,Michael Palin"
Paul Thomas Anderson,USA,7 January 2000,Magnolia,8.0,"Tom Cruise,Jason Robards,Julianne Moore"
Pete Docter,USA,2 November 2001,"Monsters, Inc.",8.0,"Billy Crystal,John Goodman,Mary Gibbs"
Kar-Wai Wong,USA,9 March 2001,In the Mood for Love,8.1,"Tony Chiu-Wai Leung,Maggie Cheung,Ping Lam Siu"
Federico Fellini,USA,24 June 1963,8½,8.0,"Marcello Mastroianni,Anouk Aimée,Claudia Cardinale"
Woody Allen,USA,20 April 1977,Annie Hall,8.0,"Woody Allen,Diane Keaton,Tony Roberts"
Richard Linklater,USA,30 July 2004,Before Sunset,8.0,"Ethan Hawke,Julie Delpy,Vernon Dobtcheff"
Richard Linklater,USA,27 January 1995,Before Sunrise,8.1,"Ethan Hawke,Julie Delpy,Andrea Eckert"
Alejandro Amenábar,USA,4 March 2005,The Sea Inside,8.0,"Javier Bardem,Belén Rueda,Lola Dueñas"
Terry Gilliam,Netherlands,22 January 1976,Monty Python and the Holy Grail,8.2,"Graham Chapman,John Cleese,Eric Idle"
Akira Kurosawa,USA,25 March 1956,Ikiru,8.3,"Takashi Shimura,Nobuo Kaneko,Shin'ichi Himori"
Stanley Kramer,Netherlands,21 December 1961,Judgment at Nuremberg,8.2,"Spencer Tracy,Burt Lancaster,Richard Widmark"
Ingmar Bergman,USA,22 June 1959,Wild Strawberries,8.2,"Victor Sjöström,Bibi Andersson,Ingrid Thulin"
Florian Henckel von Donnersmarck,USA,30 March 2007,The Lives of Others,8.4,"Ulrich Mühe,Martina Gedeck,Sebastian Koch"
Martin Brest,USA,8 January 1993,Scent of a Woman,8.0,"Al Pacino,Chris O'Donnell,James Rebhorn"
Clint Eastwood,USA,15 October 2003,Mystic River,7.9,"Sean Penn,Tim Robbins,Kevin Bacon"
Edgar Wright,USA,24 September 2004,Shaun of the Dead,7.9,"Simon Pegg,Nick Frost,Kate Ashfield"
Michel Hazanavicius,USA,20 January 2012,The Artist,7.9,"Jean Dujardin,Bérénice Bejo,John Goodman"
William Friedkin,USA,26 December 1973,The Exorcist,8.0,"Ellen Burstyn,Max von Sydow,Linda Blair"
Darren Aronofsky,USA,17 December 2010,Black Swan,8.0,"Natalie Portman,Mila Kunis,Vincent Cassel"
Sidney Lumet,USA,27 November 1976,Network,8.1,"Faye Dunaway,William Holden,Peter Finch"
Steven Spielberg,USA,11 June 1993,Jurassic Park,8.1,"Sam Neill,Laura Dern,Jeff Goldblum"
Tom Hooper,USA,25 December 2010,The King's Speech,8.0,"Colin Firth,Geoffrey Rush,Helena Bonham Carter"
Paul Thomas Anderson,USA,25 January 2008,There Will Be Blood,8.2,"Daniel Day-Lewis,Paul Dano,Ciarán Hinds"
Stanley Kubrick,USA,6 June 1956,The Killing,8.0,"Sterling Hayden,Coleen Gray,Vince Edwards"
Ingmar Bergman,Netherlands,3 March 1983,Fanny and Alexander,8.1,"Bertil Guve,Pernilla Allwin,Kristina Adolphson"
John Ford,USA,15 March 1940,The Grapes of Wrath,8.0,"Henry Fonda,Jane Darwell,John Carradine"
Steven Spielberg,USA,20 June 1975,Jaws,8.0,"Roy Scheider,Robert Shaw,Richard Dreyfuss"
Tate Taylor,USA,10 August 2011,The Help,8.1,"Emma Stone,Viola Davis,Octavia Spencer"
Robert Wiene,Germany,27 February 1920,The Cabinet of Dr. Caligari,8.1,"Werner Krauss,Conrad Veidt,Friedrich Feher"
Mathieu Kassovitz,USA,23 February 1996,La Haine,8.1,"Vincent Cassel,Hubert Koundé,Saïd Taghmaoui"
Rob Reiner,USA,26 November 1986,Stand by Me,8.1,"Wil Wheaton,River Phoenix,Corey Feldman"
Andrew Lau,Netherlands,9 September 2004,Infernal Affairs,8.0,"Andy Lau,Tony Chiu-Wai Leung,Anthony Chau-Sang Wong"
Jim Sheridan,USA,25 February 1994,In the Name of the Father,8.1,"Daniel Day-Lewis,Pete Postlethwaite,Alison Crosbie"
Wim Wenders,USA,6 May 1988,Wings of Desire,8.0,"Bruno Ganz,Solveig Dommartin,Otto Sander"
Clint Eastwood,USA,28 January 2005,Million Dollar Baby,8.1,"Hilary Swank,Clint Eastwood,Morgan Freeman"
Billy Wilder,Brazil,10 August 1953,Stalag 17,8.0,"William Holden,Don Taylor,Otto Preminger"
Rob Reiner,USA,9 October 1987,The Princess Bride,8.1,"Cary Elwes,Mandy Patinkin,Robin Wright"
Sergio Leone,USA,18 January 1967,A Fistful of Dollars,8.0,"Clint Eastwood,Gian Maria Volontè,Marianne Koch"
Wes Anderson,USA,28 March 2014,The Grand Budapest Hotel,8.1,"Ralph Fiennes,F. Murray Abraham,Mathieu Amalric"
Ashutosh Gowariker,USA,15 June 2001,Lagaan: Once Upon a Time in India,8.1,"Aamir Khan,Raghuvir Yadav,Gracy Singh"
Alfred Hitchcock,USA,12 April 1940,Rebecca,8.1,"Laurence Olivier,Joan Fontaine,George Sanders"
Sujoy Ghosh,Netherlands,9 March 2012,Kahaani,8.1,"Vidya Balan,Parambrata Chattopadhyay,Indraneil Sengupta"
David Lean,USA,14 December 1957,The Bridge on the River Kwai,8.1,"William Holden,Alec Guinness,Jack Hawkins"
William Wyler,Netherlands,30 January 1948,The Best Years of Our Lives,8.0,"Myrna Loy,Dana Andrews,Fredric March"
Andrew Stanton,USA,30 May 2003,Finding Nemo,8.1,"Albert Brooks,Ellen DeGeneres,Alexander Gould"
Victor Fleming,USA,17 January 1940,Gone with the Wind,8.1,"Clark Gable,Vivien Leigh,Thomas Mitchell"
Denis Villeneuve,Netherlands,10 February 2011,Incendies,8.3,"Lubna Azabal,Mélissa Désormeaux-Poulin,Maxim Gaudette"
Adam Elliot,Netherlands,1 September 2011,Mary and Max,8.1,"Toni Collette,Philip Seymour Hoffman,Eric Bana"
Damián Szifron,Netherlands,30 October 2014,Wild Tales,8.1,"Darío Grandinetti,María Marull,Mónica Villa"
Andrei Tarkovsky,Netherlands,17 April 1980,Stalker,8.2,"Alisa Freyndlikh,Aleksandr Kaydanovskiy,Anatoliy Solonitsyn"
David Lean,Netherlands,18 July 1963,Lawrence of Arabia,8.3,"Peter O'Toole,Alec Guinness,Anthony Quinn"
F.W. Murnau,USA,4 November 1927,Sunrise,8.1,"George O'Brien,Janet Gaynor,Margaret Livingston"
Vittorio De Sica,USA,13 December 1949,Bicycle Thieves,8.3,"Lamberto Maggiorani,Enzo Staiola,Lianella Carell"
Neeraj Pandey,India,5 September 2008,A Wednesday,8.1,"Anupam Kher,Naseeruddin Shah,Jimmy Sheirgill"
Joseph L. Mankiewicz,USA,27 October 1950,All About Eve,8.2,"Bette Davis,Anne Baxter,George Sanders"
Levent Semerci,Netherlands,22 October 2009,De ademtocht,8.0,"Mete Horozoglu,Ilker Kizmaz,Baris Bagci"
James Cameron,USA,26 October 1984,The Terminator,8.0,"Arnold Schwarzenegger,Linda Hamilton,Michael Biehn"
Terry Gilliam,USA,5 January 1996,12 Monkeys,8.0,"Bruce Willis,Madeleine Stowe,Brad Pitt"
Harold Ramis,USA,12 February 1993,Groundhog Day,8.0,"Bill Murray,Andie MacDowell,Chris Elliott"
Sidney Lumet,USA,25 December 1975,Dog Day Afternoon,8.0,"Al Pacino,John Cazale,Penelope Allen"
Frank Miller,USA,1 April 2005,Sin City,8.0,"Mickey Rourke,Clive Owen,Bruce Willis"
Ethan Coen,USA,21 November 2007,No Country for Old Men,8.1,"Tommy Lee Jones,Javier Bardem,Josh Brolin"
Alejandro G. Iñárritu,USA,13 April 2001,Amores Perros,8.1,"Emilio Echevarría,Gael García Bernal,Goya Toledo"
Steve McQueen,USA,8 November 2013,12 Years a Slave,8.1,"Chiwetel Ejiofor,Michael Kenneth Williams,Michael Fassbender"
Bong Joon Ho,South Korea,2 May 2003,Memories of Murder,8.1,"Kang-ho Song,Sang-kyung Kim,Roe-ha Kim"
Henri-Georges Clouzot,USA,16 February 1955,The Wages of Fear,8.1,"Yves Montand,Charles Vanel,Peter van Eyck"
James Gunn,USA,1 August 2014,Guardians of the Galaxy,8.0,"Chris Pratt,Vin Diesel,Bradley Cooper"
Farhan Akhtar,India,10 August 2001,Dil Chahta Hai,8.1,"Aamir Khan,Saif Ali Khan,Akshaye Khanna"
Anurag Basu,Netherlands,14 September 2012,Barfi!,8.1,"Ranbir Kapoor,Priyanka Chopra,Ileana D'Cruz"
Akira Kurosawa,USA,22 November 1961,Throne of Blood,8.1,"Toshirô Mifune,Minoru Chiaki,Isuzu Yamada"
Ingmar Bergman,USA,16 March 1967,Persona,8.1,"Bibi Andersson,Liv Ullmann,Margaretha Krook"
Orson Welles,Netherlands,23 January 1959,Touch of Evil,8.0,"Charlton Heston,Orson Welles,Janet Leigh"
Henri-Georges Clouzot,USA,21 November 1955,Diabolique,8.0,"Simone Signoret,Véra Clouzot,Paul Meurisse"
Juan José Campanella,USA,21 May 2010,The Secret in Their Eyes,8.2,"Ricardo Darín,Soledad Villamil,Pablo Rago"
David Fincher,USA,3 October 2014,Gone Girl,8.1,"Ben Affleck,Rosamund Pike,Neil Patrick Harris"
Dean DeBlois,USA,26 March 2010,How to Train Your Dragon,8.1,"Jay Baruchel,Gerard Butler,Christopher Mintz-Plasse"
John Carpenter,USA,25 June 1982,The Thing,8.1,"Kurt Russell,Wilford Brimley,Keith David"
Danny Boyle,USA,9 August 1996,Trainspotting,8.1,"Ewan McGregor,Ewen Bremner,Jonny Lee Miller"
Michael Cimino,USA,23 February 1979,The Deer Hunter,8.1,"Robert De Niro,Christopher Walken,John Cazale"
Ridley Scott,USA,25 June 1982,Blade Runner,8.1,"Harrison Ford,Rutger Hauer,Sean Young"
Ron Howard,USA,27 September 2013,Rush,8.1,"Daniel Brühl,Chris Hemsworth,Olivia Wilde"
Frank Capra,USA,22 February 1934,It Happened One Night,8.1,"Clark Gable,Claudette Colbert,Walter Connolly"
Joel Coen,USA,6 March 1998,The Big Lebowski,8.1,"Jeff Bridges,John Goodman,Julianne Moore"
Jae-young Kwak,South Korea,27 July 2001,My Sassy Girl,8.0,"Tae-Hyun Cha,Ji-Hyun Jun,In-mun Kim"
Guillermo del Toro,USA,19 January 2007,Pan's Labyrinth,8.2,"Ivana Baquero,Ariadna Gil,Sergi López"
Stuart Rosenberg,USA,1 November 1967,Cool Hand Luke,8.1,"Paul Newman,George Kennedy,Strother Martin"
Gavin O'Connor,USA,9 September 2011,Warrior,8.2,"Tom Hardy,Nick Nolte,Joel Edgerton"
George Miller,USA,15 May 2015,Mad Max: Fury Road,8.1,"Tom Hardy,Charlize Theron,Nicholas Hoult"
Yasujirô Ozu,USA,13 March 1972,Tokyo Story,8.2,"Chishû Ryû,Chieko Higashiyama,Sô Yamamura"
Hayao Miyazaki,USA,13 July 1990,My Neighbor Totoro,8.2,"Hitoshi Takagi,Noriko Hidaka,Chika Sakamoto"
Gus Van Sant,USA,9 January 1998,Good Will Hunting,8.3,"Robin Williams,Matt Damon,Ben Affleck"
Akira Kurosawa,Netherlands,20 February 1986,Ran,8.2,"Tatsuya Nakadai,Akira Terao,Jinpachi Nezu"
Thomas Vinterberg,Netherlands,25 October 2012,The Hunt,8.3,"Mads Mikkelsen,Thomas Bo Larsen,Annika Wedderkopp"
Ingmar Bergman,USA,13 October 1958,The Seventh Seal,8.2,"Max von Sydow,Gunnar Björnstrand,Bengt Ekerot"
Oliver Hirschbiegel,USA,8 April 2005,Downfall,8.2,"Bruno Ganz,Alexandra Maria Lara,Ulrich Matthes"
Roman Polanski,USA,20 June 1974,Chinatown,8.2,"Jack Nicholson,Faye Dunaway,John Huston"
John Sturges,USA,4 July 1963,The Great Escape,8.2,"Steve McQueen,James Garner,Richard Attenborough"
Peter Jackson,USA,14 December 2012,The Hobbit: An Unexpected Journey,7.8,"Martin Freeman,Ian McKellen,Richard Armitage"
Ron Howard,USA,3 June 2005,Cinderella Man,8.0,"Russell Crowe,Renée Zellweger,Craig Bierko"
Barry Levinson,USA,16 December 1988,Rain Man,8.0,"Dustin Hoffman,Tom Cruise,Valeria Golino"
Edward Zwick,USA,8 December 2006,Blood Diamond,8.0,"Leonardo DiCaprio,Djimon Hounsou,Jennifer Connelly"
Tim Burton,USA,9 January 2004,Big Fish,8.0,"Ewan McGregor,Albert Finney,Billy Crudup"
Steven Spielberg,USA,25 December 2002,Catch Me If You Can,8.1,"Leonardo DiCaprio,Tom Hanks,Christopher Walken"
Duncan Jones,USA,10 July 2009,Moon,7.9,"Sam Rockwell,Kevin Spacey,Dominique McElligott"
Martin Scorsese,USA,22 November 1995,Casino,8.2,"Robert De Niro,Sharon Stone,Joe Pesci"
Clint Eastwood,USA,9 January 2009,Gran Torino,8.1,"Clint Eastwood,Bee Vang,Christopher Carley"
Guy Ritchie,Netherlands,12 November 1998,"Lock, Stock and Two Smoking Barrels",8.2,"Jason Flemyng,Dexter Fletcher,Nick Moran"
Joel Coen,USA,5 April 1996,Fargo,8.1,"William H. Macy,Frances McDormand,Steve Buscemi"
Martin Scorsese,USA,25 December 2013,The Wolf of Wall Street,8.2,"Leonardo DiCaprio,Jonah Hill,Margot Robbie"
Billy Wilder,USA,19 March 1959,Some Like It Hot,8.2,"Marilyn Monroe,Tony Curtis,Jack Lemmon"
Sergio Leone,USA,10 May 1967,For a Few Dollars More,8.3,"Clint Eastwood,Lee Van Cleef,Gian Maria Volontè"
Fritz Lang,USA,13 March 1927,Metropolis,8.3,"Brigitte Helm,Alfred Abel,Gustav Fröhlich"
Buster Keaton,USA,11 May 1924,Sherlock Jr.,8.2,"Buster Keaton,Kathryn McGuire,Joe Keaton"
Charles Chaplin,Brazil,13 July 1925,The Gold Rush,8.2,"Charles Chaplin,Mack Swain,Tom Murray"
Pete Docter,USA,29 May 2009,Up,8.2,"Edward Asner,Jordan Nagai,John Ratzenberger"
Elia Kazan,Japan,22 June 1954,On the Waterfront,8.1,"Marlon Brando,Karl Malden,Lee J. Cobb"
Carol Reed,France,12 October 1949,The Third Man,8.1,"Orson Welles,Joseph Cotten,Alida Valli"
Billy Wilder,France,16 September 1960,The Apartment,8.3,"Jack Lemmon,Shirley MacLaine,Fred MacMurray"
Stanley Kubrick,USA,10 July 1987,Full Metal Jacket,8.3,"Matthew Modine,R. Lee Ermey,Vincent D'Onofrio"
Michael Mann,USA,15 December 1995,Heat,8.2,"Al Pacino,Robert De Niro,Val Kilmer"
Quentin Tarantino,USA,21 August 2009,Inglourious Basterds,8.3,"Brad Pitt,Diane Kruger,Eli Roth"
Akira Kurosawa,USA,13 September 1961,Yojimbo,8.2,"Toshirô Mifune,Eijirô Tôno,Tatsuya Nakadai"
Akira Kurosawa,USA,26 December 1951,Rashomon,8.2,"Toshirô Mifune,Machiko Kyô,Masayuki Mori"
Milos Forman,USA,19 September 1984,Amadeus,8.3,"F. Murray Abraham,Tom Hulce,Elizabeth Berridge"
Clyde Bruckman,USA,2 January 1927,The General,8.1,"Buster Keaton,Marion Mack,Glen Cavender"
Frank Capra,USA,19 October 1939,Mr. Smith Goes to Washington,8.1,"James Stewart,Jean Arthur,Claude Rains"
Clint Eastwood,USA,7 August 1992,Unforgiven,8.2,"Clint Eastwood,Gene Hackman,Morgan Freeman"
George Roy Hill,USA,25 December 1973,The Sting,8.3,"Paul Newman,Robert Redford,Robert Shaw"
John Lasseter,USA,22 November 1995,Toy Story,8.3,"Tom Hanks,Tim Allen,Don Rickles"
Rakeysh Omprakash Mehra,USA,26 January 2006,Rang De Basanti,8.2,"Aamir Khan,Soha Ali Khan,Siddharth"
Stanley Donen,USA,11 April 1952,Singin' in the Rain,8.3,"Gene Kelly,Donald O'Connor,Debbie Reynolds"
Orson Welles,USA,5 September 1941,Citizen Kane,8.3,"Orson Welles,Joseph Cotten,Dorothy Comingore"
Michael Curtiz,USA,23 January 1943,Casablanca,8.5,"Humphrey Bogart,Ingrid Bergman,Paul Henreid"
Oliver Stone,USA,6 February 1987,Platoon,8.1,"Charlie Sheen,Tom Berenger,Willem Dafoe"
Franklin J. Schaffner,USA,19 December 1973,Papillon,8.0,"Steve McQueen,Dustin Hoffman,Victor Jory"
John G. Avildsen,USA,3 December 1976,Rocky,8.1,"Sylvester Stallone,Talia Shire,Burt Young"
Quentin Tarantino,USA,10 October 2003,Kill Bill: Vol. 1,8.1,"Uma Thurman,David Carradine,Daryl Hannah"
Peter Weir,USA,5 June 1998,The Truman Show,8.1,"Jim Carrey,Ed Harris,Laura Linney"
Curtis Hanson,USA,19 September 1997,L.A. Confidential,8.2,"Kevin Spacey,Russell Crowe,Guy Pearce"
Guy Ritchie,USA,19 January 2001,Snatch,8.3,"Jason Statham,Brad Pitt,Benicio Del Toro"
John Huston,USA,24 January 1948,The Treasure of the Sierra Madre,8.2,"Humphrey Bogart,Walter Huston,Tim Holt"
Charles Chaplin,USA,6 February 1921,The Kid,8.3,"Charles Chaplin,Edna Purviance,Jackie Coogan"
Robert Mulligan,USA,16 March 1963,To Kill a Mockingbird,8.2,"Gregory Peck,John Megna,Frank Overton"
Sergio Leone,USA,1 June 1984,Once Upon a Time in America,8.4,"Robert De Niro,James Woods,Elizabeth McGovern"
Alfred Hitchcock,Netherlands,18 December 1959,North by Northwest,8.3,"Cary Grant,Eva Marie Saint,James Mason"
Alfred Hitchcock,Netherlands,3 February 1959,Vertigo,8.3,"James Stewart,Kim Novak,Barbara Bel Geddes"
Billy Wilder,USA,6 February 1958,Witness for the Prosecution,8.4,"Tyrone Power,Marlene Dietrich,Charles Laughton"
Billy Wilder,USA,6 July 1944,Double Indemnity,8.3,"Fred MacMurray,Barbara Stanwyck,Edward G. Robinson"
Wolfgang Petersen,USA,10 February 1982,Das Boot,8.3,"Jürgen Prochnow,Herbert Grönemeyer,Klaus Wennemann"
Asghar Farhadi,Netherlands,11 August 2011,A Separation,8.3,"Payman Maadi,Leila Hatami,Sareh Bayat"
Francis Ford Coppola,USA,15 August 1979,Apocalypse Now,8.4,"Martin Sheen,Marlon Brando,Robert Duvall"
Fernando Meirelles,USA,13 February 2004,City of God,8.6,"Alexandre Rodrigues,Leandro Firmino,Matheus Nachtergaele"
Tim Burton,USA,14 December 1990,Edward Scissorhands,7.9,"Johnny Depp,Winona Ryder,Dianne Wiest"
Brian De Palma,USA,3 June 1987,The Untouchables,7.9,"Kevin Costner,Sean Connery,Robert De Niro"
Sean Penn,USA,19 October 2007,Into the Wild,8.1,"Emile Hirsch,Vince Vaughn,Catherine Keener"
David Lynch,USA,10 October 1980,The Elephant Man,8.1,"Anthony Hopkins,John Hurt,Anne Bancroft"
Lasse Hallström,Netherlands,17 December 2009,Hachi: A Dog's Tale,8.1,"Richard Gere,Joan Allen,Cary-Hiroyuki Tagawa"
Je-kyu Kang,USA,24 September 2004,Tae Guk Gi: The Brotherhood of War,8.1,"Dong-Gun Jang,Won Bin,Eun-ju Lee"
Ron Howard,USA,4 January 2002,A Beautiful Mind,8.2,"Russell Crowe,Ed Harris,Jennifer Connelly"
M. Night Shyamalan,USA,6 August 1999,The Sixth Sense,8.1,"Bruce Willis,Haley Joel Osment,Toni Collette"
Stanley Kubrick,USA,2 February 1972,A Clockwork Orange,8.3,"Malcolm McDowell,Patrick Magee,Michael Bates"
Lee Unkrich,USA,18 June 2010,Toy Story 3,8.3,"Tom Hanks,Tim Allen,Joan Cusack"
James Cameron,USA,18 July 1986,Aliens,8.3,"Sigourney Weaver,Michael Biehn,Carrie Henn"
Sam Mendes,USA,1 October 1999,American Beauty,8.3,"Kevin Spacey,Annette Bening,Thora Birch"
Jean-Pierre Jeunet,USA,8 February 2002,Amélie,8.3,"Audrey Tautou,Mathieu Kassovitz,Rufus"
Andrew Stanton,USA,27 June 2008,WALL·E,8.4,"Ben Burtt,Elissa Knight,Jeff Garlin"
Stanley Kubrick,USA,13 June 1980,The Shining,8.4,"Jack Nicholson,Shelley Duvall,Danny Lloyd"
Charles Chaplin,USA,7 March 1941,The Great Dictator,8.4,"Charles Chaplin,Paulette Goddard,Jack Oakie"
Stanley Kubrick,USA,25 December 1957,Paths of Glory,8.4,"Kirk Douglas,Ralph Meeker,Adolphe Menjou"
Giuseppe Tornatore,USA,23 February 1990,Cinema Paradiso,8.5,"Philippe Noiret,Enzo Cannavale,Antonella Attili"
Aamir Khan,India,21 December 2007,Like Stars on Earth,8.4,"Darsheel Safary,Aamir Khan,Tisca Chopra"
Rajkumar Hirani,Netherlands,24 December 2009,3 Idiots,8.4,"Aamir Khan,Madhavan,Mona Singh"
Wilson Yip,China,12 December 2008,Ip Man,8.0,"Donnie Yen,Simon Yam,Siu-Wong Fan"
Joss Whedon,USA,4 May 2012,The Avengers,8.0,"Robert Downey Jr.,Chris Evans,Scarlett Johansson"
Paul Greengrass,USA,3 August 2007,The Bourne Ultimatum,8.0,"Matt Damon,Edgar Ramírez,Joan Allen"
Martin Scorsese,USA,19 February 2010,Shutter Island,8.1,"Leonardo DiCaprio,Emily Mortimer,Mark Ruffalo"
Bryan Singer,USA,23 May 2014,X-Men: Days of Future Past,8.0,"Patrick Stewart,Ian McKellen,Hugh Jackman"
Gore Verbinski,USA,9 July 2003,Pirates of the Caribbean: The Curse of the Black Pearl,8.0,"Johnny Depp,Geoffrey Rush,Orlando Bloom"
David Yates,USA,15 July 2011,Harry Potter and the Deathly Hallows: Part 2,8.1,"Daniel Radcliffe,Emma Watson,Rupert Grint"
Rajkumar Hirani,Netherlands,19 December 2014,PK,8.1,"Aamir Khan,Anushka Sharma,Sanjay Dutt"
Steven Spielberg,USA,24 May 1989,Indiana Jones and the Last Crusade,8.2,"Harrison Ford,Sean Connery,Alison Doody"
Christopher Nolan,USA,15 June 2005,Batman Begins,8.2,"Christian Bale,Michael Caine,Ken Watanabe"
Martin Scorsese,USA,19 December 1980,Raging Bull,8.2,"Robert De Niro,Cathy Moriarty,Joe Pesci"
John McTiernan,USA,20 July 1988,Die Hard,8.2,"Bruce Willis,Alan Rickman,Bonnie Bedelia"
Stanley Kubrick,Netherlands,3 October 1968,2001: A Space Odyssey,8.3,"Keir Dullea,Gary Lockwood,William Sylvester"
Yavuz Turgul,Turkey,29 November 1996,The Bandit,8.3,"Sener Sen,Ugur Yücel,Sermin Hürmeriç"
Quentin Tarantino,USA,25 December 2012,Django Unchained,8.4,"Jamie Foxx,Christoph Waltz,Leonardo DiCaprio"
Ridley Scott,USA,22 June 1979,Alien,8.4,"Sigourney Weaver,Tom Skerritt,John Hurt"
Roman Polanski,USA,28 March 2003,The Pianist,8.5,"Adrien Brody,Thomas Kretschmann,Frank Finlay"
Stanley Kubrick,USA,29 January 1964,Dr. Strangelove,8.4,"Peter Sellers,George C. Scott,Sterling Hayden"
Alfred Hitchcock,USA,September 1954,Rear Window,8.4,"James Stewart,Grace Kelly,Wendell Corey"
Hayao Miyazaki,USA,28 March 2003,Spirited Away,8.6,"Daveigh Chase,Suzanne Pleshette,Miyu Irino"
Olivier Nakache,Netherlands,22 March 2012,The Intouchables,8.5,"François Cluzet,Omar Sy,Anne Le Ny"
Steven Spielberg,USA,24 July 1998,Saving Private Ryan,8.6,"Tom Hanks,Matt Damon,Tom Sizemore"
Charles Chaplin,USA,25 February 1936,Modern Times,8.5,"Charles Chaplin,Paulette Goddard,Henry Bergman"
Jonathan Demme,USA,14 February 1991,The Silence of the Lambs,8.6,"Jodie Foster,Anthony Hopkins,Lawrence A. Bonney"
Charles Chaplin,USA,7 March 1931,City Lights,8.5,"Charles Chaplin,Virginia Cherrill,Florence Lee"
Sergio Leone,USA,4 July 1969,Once Upon a Time in the West,8.5,"Henry Fonda,Charles Bronson,Claudia Cardinale"
Çagan Irmak,Turkey,18 November 2005,My Father and My Son,8.3,"Çetin Tekindor,Fikret Kuskan,Hümeyra"
Steven Spielberg,USA,4 February 1994,Schindler's List,8.9,"Liam Neeson,Ralph Fiennes,Ben Kingsley"
James McTeigue,USA,17 March 2006,V for Vendetta,8.2,"Hugo Weaving,Natalie Portman,Rupert Graves"
Mel Gibson,USA,24 May 1995,Braveheart,8.3,"Mel Gibson,Sophie Marceau,Patrick McGoohan"
Martin Scorsese,USA,9 February 1976,Taxi Driver,8.3,"Robert De Niro,Jodie Foster,Cybill Shepherd"
Steven Spielberg,USA,12 June 1981,Raiders of the Lost Ark,8.4,"Harrison Ford,Karen Allen,Paul Freeman"
Alfred Hitchcock,USA,8 September 1960,Psycho,8.5,"Anthony Perkins,Janet Leigh,Vera Miles"
Frank Capra,USA,7 January 1947,It's a Wonderful Life,8.6,"James Stewart,Donna Reed,Lionel Barrymore"
Roberto Benigni,USA,12 February 1999,Life Is Beautiful,8.6,"Roberto Benigni,Nicoletta Braschi,Giorgio Cantarini"
Luc Besson,USA,18 November 1994,Léon: The Professional,8.5,"Jean Reno,Gary Oldman,Natalie Portman"
Tony Kaye,USA,20 November 1998,American History X,8.5,"Edward Norton,Edward Furlong,Beverly D'Angelo"
David Fincher,USA,22 September 1995,Se7en,8.6,"Morgan Freeman,Brad Pitt,Kevin Spacey"
Bryan Singer,USA,16 August 1995,The Usual Suspects,8.5,"Kevin Spacey,Gabriel Byrne,Chazz Palminteri"
Moustapha Akkad,France,8 July 1977,The Message,8.2,"Anthony Quinn,Irene Papas,Michael Ansara"
Akira Kurosawa,USA,19 November 1956,Seven Samurai,8.6,"Toshirô Mifune,Takashi Shimura,Keiko Tsushima"
Lana Wachowski,USA,31 March 1999,The Matrix,8.7,"Keanu Reeves,Laurence Fishburne,Carrie-Anne Moss"
Martin Scorsese,USA,21 September 1990,Goodfellas,8.7,"Robert De Niro,Ray Liotta,Joe Pesci"
Milos Forman,USA,19 November 1975,One Flew Over the Cuckoo's Nest,8.7,"Jack Nicholson,Louise Fletcher,Will Sampson"
George Lucas,USA,25 May 1977,Star Wars: Episode IV - A New Hope,8.6,"Mark Hamill,Harrison Ford,Carrie Fisher"
Irvin Kershner,USA,20 June 1980,Star Wars: Episode V - The Empire Strikes Back,8.7,"Mark Hamill,Harrison Ford,Carrie Fisher"
Brian De Palma,USA,9 December 1983,Scarface,8.3,"Al Pacino,Michelle Pfeiffer,Steven Bauer"
Isao Takahata,USA,26 July 1989,Grave of the Fireflies,8.5,"Tsutomu Tatsumi,Ayano Shiraishi,Akemi Yamaguchi"
James Cameron,USA,3 July 1991,Terminator 2: Judgment Day,8.5,"Arnold Schwarzenegger,Linda Hamilton,Edward Furlong"
Robert Zemeckis,USA,3 July 1985,Back to the Future,8.5,"Michael J. Fox,Christopher Lloyd,Lea Thompson"
Ridley Scott,USA,5 May 2000,Gladiator,8.5,"Russell Crowe,Joaquin Phoenix,Connie Nielsen"
Frank Darabont,USA,10 December 1999,The Green Mile,8.6,"Tom Hanks,Michael Clarke Duncan,David Morse"
Martin Scorsese,USA,6 October 2006,The Departed,8.5,"Leonardo DiCaprio,Matt Damon,Jack Nicholson"
Christopher Nolan,USA,25 May 2001,Memento,8.4,"Guy Pearce,Carrie-Anne Moss,Joe Pantoliano"
Christopher Nolan,USA,20 October 2006,The Prestige,8.5,"Christian Bale,Hugh Jackman,Scarlett Johansson"
Christopher Nolan,USA,20 July 2012,The Dark Knight Rises,8.4,"Christian Bale,Tom Hardy,Anne Hathaway"
Peter Jackson,USA,18 December 2002,The Lord of the Rings: The Two Towers,8.7,"Elijah Wood,Ian McKellen,Viggo Mortensen"
Christopher Nolan,USA,7 November 2014,Interstellar,8.6,"Matthew McConaughey,Anne Hathaway,Jessica Chastain"
Robert Zemeckis,USA,6 July 1994,Forrest Gump,8.8,"Tom Hanks,Robin Wright,Gary Sinise"
Christopher Nolan,USA,16 July 2010,Inception,8.8,"Leonardo DiCaprio,Joseph Gordon-Levitt,Ellen Page"
Peter Jackson,USA,19 December 2001,The Lord of the Rings: The Fellowship of the Ring,8.8,"Elijah Wood,Ian McKellen,Orlando Bloom"
Sidney Lumet,USA,10 April 1957,12 Angry Men,8.9,"Henry Fonda,Lee J. Cobb,Martin Balsam"
Sergio Leone,USA,29 December 1967,"The Good, the Bad and the Ugly",8.8,"Clint Eastwood,Eli Wallach,Lee Van Cleef"
Quentin Tarantino,USA,14 October 1994,Pulp Fiction,8.9,"John Travolta,Uma Thurman,Samuel L. Jackson"
David Fincher,USA,15 October 1999,Fight Club,8.8,"Brad Pitt,Edward Norton,Meat Loaf"
Francis Ford Coppola,USA,18 December 1974,The Godfather: Part II,9.0,"Al Pacino,Robert De Niro,Robert Duvall"
